应用名称,下载链接
天天酷跑,https://dl.coolapk.com/down?pn=com.coolapk.market&id=NDU5OQ&h=46bb9d98&from=from-web
王者荣耀,https://dl.coolapk.com/down?pn=com.coolapk.market&id=NDU5OQ&h=46bb9d98&from=from-web
欢乐斗地主（腾讯）,https://dl.coolapk.com/down?pn=com.coolapk.market&id=NDU5OQ&h=46bb9d98&from=from-web
天天飞车,https://dl.coolapk.com/down?pn=com.coolapk.market&id=NDU5OQ&h=46bb9d98&from=from-web
奇迹暖暖,https://dl.coolapk.com/down?pn=com.coolapk.market&id=NDU5OQ&h=46bb9d98&from=from-web
全民突击,https://dl.coolapk.com/down?pn=com.coolapk.market&id=NDU5OQ&h=46bb9d98&from=from-web
全民飞机大战,https://dl.coolapk.com/down?pn=com.coolapk.market&id=NDU5OQ&h=46bb9d98&from=from-web
和平精英,https://dl.coolapk.com/down?pn=com.coolapk.market&id=NDU5OQ&h=46bb9d98&from=from-web
炉石传说,https://dl.coolapk.com/down?pn=com.coolapk.market&id=NDU5OQ&h=46bb9d98&from=from-web
天天爱消除（花好月圆版）,https://dl.coolapk.com/down?pn=com.coolapk.market&id=NDU5OQ&h=46bb9d98&from=from-web
英雄杀,https://dl.coolapk.com/down?pn=com.coolapk.market&id=NDU5OQ&h=46bb9d98&from=from-web
雷霆战机-- 超人气飞行射击类手游,https://dl.coolapk.com/down?pn=com.coolapk.market&id=NDU5OQ&h=46bb9d98&from=from-web
王者营地,https://dl.coolapk.com/down?pn=com.coolapk.market&id=NDU5OQ&h=46bb9d98&from=from-web
小鸡模拟器,https://dl.coolapk.com/down?pn=com.coolapk.market&id=NDU5OQ&h=46bb9d98&from=from-web
阴阳师网易官方版,https://dl.coolapk.com/down?pn=com.coolapk.market&id=NDU5OQ&h=46bb9d98&from=from-web
保卫萝卜1,https://dl.coolapk.com/down?pn=com.coolapk.market&id=NDU5OQ&h=46bb9d98&from=from-web
穿越火线-枪战王者（国民枪战手游）,https://dl.coolapk.com/down?pn=com.coolapk.market&id=NDU5OQ&h=46bb9d98&from=from-web
球球大作战,https://dl.coolapk.com/down?pn=com.coolapk.market&id=NDU5OQ&h=46bb9d98&from=from-web
QQ飞车手游,https://dl.coolapk.com/down?pn=com.coolapk.market&id=NDU5OQ&h=46bb9d98&from=from-web
多玩我的世界盒子,https://dl.coolapk.com/down?pn=com.coolapk.market&id=NDU5OQ&h=46bb9d98&from=from-web
