ID,应用名称,应用子类,下载链接
108048,王者荣耀,网游RPG,http://app.mi.com/download/108048
547468,和平精英,动作枪战,http://app.mi.com/download/547468
395801,阴阳师,网游RPG,http://app.mi.com/download/395801
393944,迷你世界,休闲创意,http://app.mi.com/download/393944
662234,逃跑吧！少年-新赛季,休闲创意,http://app.mi.com/download/662234
25446,JJ斗地主,棋牌桌游,http://app.mi.com/download/25446
463427,我的世界-周年庆,休闲创意,http://app.mi.com/download/463427
121542,穿越火线-枪战王者,动作枪战,http://app.mi.com/download/121542
817118,美味星球2,休闲创意,http://app.mi.com/download/817118
445803,贪吃蛇大作战&reg;,休闲创意,http://app.mi.com/download/445803
58634,开心消消乐-新版来袭,休闲创意,http://app.mi.com/download/58634
463380,QQ飞车手游,赛车体育,http://app.mi.com/download/463380
692944,美味星球,动作枪战,http://app.mi.com/download/692944
819119,光&middot;遇,休闲创意,http://app.mi.com/download/819119
263189,部落冲突,战争策略,http://app.mi.com/download/263189
806195,阴阳师：妖怪屋,休闲创意,http://app.mi.com/download/806195
48522,植物大战僵尸2,塔防迷宫,http://app.mi.com/download/48522
537978,第五人格,网游RPG,http://app.mi.com/download/537978
19294,腾讯欢乐斗地主,棋牌桌游,http://app.mi.com/download/19294
669409,小米斗地主,棋牌桌游,http://app.mi.com/download/669409
165428,火影忍者,网游RPG,http://app.mi.com/download/165428
1164637,灰烬战线,战争策略,http://app.mi.com/download/1164637
786197,荒野乱斗,网游RPG,http://app.mi.com/download/786197
96928,球球大作战,休闲创意,http://app.mi.com/download/96928
673386,魔神战纪2-魔域地下城,网游RPG,http://app.mi.com/download/673386
818005,美味星球(终极版),休闲创意,http://app.mi.com/download/818005
106432,三国杀,棋牌桌游,http://app.mi.com/download/106432
730740,樱花校园模拟器,模拟经营,http://app.mi.com/download/730740
1211564,幻兽爱合成,休闲创意,http://app.mi.com/download/1211564
21629,神庙逃亡2-八周年庆,跑酷闯关,http://app.mi.com/download/21629
547779,决战！平安京,网游RPG,http://app.mi.com/download/547779
450665,元气骑士,动作枪战,http://app.mi.com/download/450665
728148,斗罗大陆-新武魂,网游RPG,http://app.mi.com/download/728148
853652,多乐麻将,棋牌桌游,http://app.mi.com/download/853652
45089,腾讯欢乐麻将全集,棋牌桌游,http://app.mi.com/download/45089
793914,三国志&middot;战略版-官方正版,战争策略,http://app.mi.com/download/793914
103249,率土之滨,战争策略,http://app.mi.com/download/103249
75420,天天象棋,棋牌桌游,http://app.mi.com/download/75420
296916,皇室战争,战争策略,http://app.mi.com/download/296916
48217,天天酷跑,跑酷闯关,http://app.mi.com/download/48217
623587,猫和老鼠,网游RPG,http://app.mi.com/download/623587
269712,乐乐捕鱼,休闲创意,http://app.mi.com/download/269712
46890,节奏大师,休闲创意,http://app.mi.com/download/46890
439837,英魂之刃,网游RPG,http://app.mi.com/download/439837
1022606,英雄这边请,网游RPG,http://app.mi.com/download/1022606
88246,梦幻西游,网游RPG,http://app.mi.com/download/88246
630604,明日之后,网游RPG,http://app.mi.com/download/630604
640141,多乐中国象棋,棋牌桌游,http://app.mi.com/download/640141
408109,数独,休闲创意,http://app.mi.com/download/408109
79963,炉石传说,棋牌桌游,http://app.mi.com/download/79963
70449,海岛奇兵,战争策略,http://app.mi.com/download/70449
819633,单机斗地主,棋牌桌游,http://app.mi.com/download/819633
793910,灌篮高手 正版授权手游,赛车体育,http://app.mi.com/download/793910
800567,混沌起源-送主题时装,网游RPG,http://app.mi.com/download/800567
71502,天天斗地主（真人版）,棋牌桌游,http://app.mi.com/download/71502
950248,魔渊之刃,动作枪战,http://app.mi.com/download/950248
930926,云上城之歌-异世界MMO,网游RPG,http://app.mi.com/download/930926
507974,五子棋,棋牌桌游,http://app.mi.com/download/507974
111494,钢琴块2,休闲创意,http://app.mi.com/download/111494
509823,狼人杀,棋牌桌游,http://app.mi.com/download/509823
